{"mean": [5520.594838407407, 5022.715131703704, 3806.0167076296293, 2030.3241829999997, 1488.3551697037037, 976.1626005086418, 494.05848916172835], "scale": [1681.843250544764, 1470.2478293833115, 1091.4494261576972, 580.5434071985507, 425.2524995250793, 276.80760589084707, 117.40142926798333], "n_features_in": 7}